{"pl": [{ "polarity" :  [0.5857996379949013, 0.29935337580596044, 0.6870390438168225, 0.7957859545993284, 0.5639850527186936, 0.41386762699171, 0.9646410073325536, 0.45621534181875145, 0.1145191018928362, 0.9144330414529089, 0.7536386008206679, 0.19519133626817642, 0.9066833408005803, 0.3389607879161387, 0.2541289438245471, 0.7047443971160677, 0.09580244121033787, 0.67367422284497, 0.03244303995934983, 0.6395169987918753, 0.825592218116383, 0.6317808152374821, 0.7639136077588742, 0.3275104625590849, 0.4893250916264039, 0.5135084214293105, 0.4294062473883248, 0.7242299339867625, 0.9186852759042031, 0.7141194697215819] ,   "words" :  [ "empresa" ,"respuesta" ,"teléfono" ,"solución" ,"correo" ,"cliente" ,"información" ,"fecha" ,"técnico" ,"número" ,"correos" ,"página" ,"nuevamente" ,"llamar" ,"call" ,"center" ,"atención" ,"sucursal" ,"tiempo" ,"llamado" ,"web" ,"nunca" ,"realizar" ,"cuenta" ,"datos" ,"además" ,"clientes" ,"través" ,"internet" ,"celular" ] },
            { "polarity" :  [0.5059571439553981, 0.5236069765936228, 0.9371654336334989, 0.20353534973056386, 0.5186870435952979, 0.6212630303386871, 0.8319322943322764, 0.7418903803728695, 0.9913624243605227, 0.8416938344385411, 0.19050654950739943, 0.1060102033517003, 0.05745285232521735, 0.14342115691064927, 0.47661865505146306, 0.4656417437783209, 0.6063081363913306, 0.3504404966124893, 0.5308847782081209, 0.20458863619885315, 0.8859793608114916, 0.687758868856099, 0.45813912944218127, 0.36368450233656446, 0.2035068097602416, 0.2101854181991949, 0.3797838621966122, 0.3496811358423074, 0.5382832615852637, 0.280834300041241],   "words" :  [ "internet" ,"empresa" ,"plan" ,"dicen" ,"vtr" ,"dan" ,"problemas" ,"telefono" ,"nunca" ,"celular" ,"tiempo" ,"meses" ,"minutos" ,"siempre" ,"despues" ,"tecnico" ,"clientes" ,"señal" ,"mal" ,"solucion" ,"pagina" ,"llevo" ,"nadie" ,"menos" ,"bien" ,"cable" ,"servicios" ,"puedo" ,"llamar" ,"peor" ] },
            { "polarity" :  [0.6221365160239775, 0.8253190030485907, 0.5578436448806122, 0.3921486152261142, 0.7936738490425628, 0.05080450797702696, 0.4191968890147473, 0.8456517537760637, 0.24021559414554527, 0.714237091087652, 0.2638749479768674, 0.3531771882668703, 0.6575735921035877, 0.6084722785781472, 0.7681453909062355, 0.8490064365671105, 0.7359594660911537, 0.7130231825765417, 0.8821448597567932, 0.182052392059197, 0.9507946850555025, 0.5740597642730028, 0.5078319574251885, 0.11485343691214989, 0.4435841889032244, 0.061112457448104895, 0.6521210418447879, 0.035643413733223106, 0.8627219331346577, 0.8687087859735416],   "words" :  [ "mal" ,"atención" ,"persona" ,"lugar" ,"mala" ,"local" ,"bien" ,"forma" ,"personal" ,"hija" ,"sólo" ,"momento" ,"trato" ,"trabajo" ,"ahí" ,"además" ,"colegio" ,"hijo" ,"señora" ,"tipo" ,"dije" ,"tiempo" ,"manera" ,"menos" ,"minutos" ,"hablar" ,"siempre" ,"niños" ,"cosas" ,"experiencia" ] },
            { "polarity" :  [0.7539609562917413, 0.6775592421474557, 0.18988521603192354, 0.7338942887738888, 0.6380749395734646, 0.16089818690522983, 0.7627274829176208, 0.9910875522206322, 0.8618478989386196, 0.3988862213812645, 0.6508728834381182, 0.9506349990817907, 0.21255898194712175, 0.7923936236176055, 0.36188051664263254, 0.10600610888593565, 0.9050004383515254, 0.4591056681097164, 0.8125313566437399, 0.7227096918635626, 0.0016832759141283127, 0.7554280625311468, 0.9795935284548762, 0.8242839218373451, 0.5858943526742172, 0.6182707667603192, 0.8852344695214708, 0.2431715404375101, 0.9262171750992295, 0.47682474920901896] ,   "words" :  [ "bus" ,"santiago" ,"viaje" ,"pasaje" ,"empresa" ,"vuelo" ,"pasajes" ,"llegar" ,"pasajeros" ,"hotel" ,"destino" ,"aeropuerto" ,"viajar" ,"chofer" ,"minutos" ,"patente" ,"conductor" ,"terminal" ,"buses" ,"mal" ,"micro" ,"paquete" ,"reserva" ,"asiento" ,"chile" ,"tomar" ,"recorrido" ,"salida" ,"ciudad" ,"tenia" ] },
            { "polarity" :  [0.4948384424464094, 0.5863655554859039, 0.0702751164207045, 0.9089455491328426, 0.8867889454151356, 0.5709650565433185, 0.4333486762955817, 0.6289201134427049, 0.5314925366132799, 0.5627705445435474, 0.631446884651813, 0.4478079363107961, 0.3610419539844143, 0.1893075601069456, 0.7622674526204892, 0.8716634671550576, 0.7619890246191046, 0.4354759711421875, 0.8442365064773736, 0.574071219621135, 0.4585942277691514, 0.252712048692187, 0.8894995954990114, 0.4937113775007397, 0.9617540188638395, 0.2832501740213963, 0.32188813366505076, 0.43662039073554504, 0.854235390831612, 0.04194453953689781],   "words" :  [ "casa" ,"agua" ,"calle" ,"sector" ,"comuna" ,"departamento" ,"luz" ,"lugar" ,"municipalidad" ,"vecinos" ,"edificio" ,"basura" ,"problemas" ,"inmobiliaria" ,"mal" ,"vivo" ,"favor" ,"casas" ,"empresa" ,"frente" ,"villa" ,"meses" ,"ubicado" ,"piso" ,"calidad" ,"trabajos" ,"condominio" ,"encuentra" ,"parte" ,"gracias" ] },
            { "polarity" :  [0.8958853697544459, 0.31321595125774593, 0.19835727431376893, 0.20810570260422478, 0.04403698990629368, 0.23941281593314423, 0.7627009442898081, 0.9608884468017267, 0.07369664122485431, 0.4216203016965432, 0.48064697832465475, 0.43395307669811134, 0.47587354797001136, 0.1281295525129429, 0.48221036977861087, 0.8425512458745213, 0.4954344662533112, 0.9171927127544818, 0.6143489254128822, 0.3715768836023138, 0.20308067800359852, 0.4566196183322935, 0.07784687679300317, 0.9421962092368039, 0.5071041566267835, 0.4634315410644111, 0.22267053525439173, 0.6655714831877358, 0.639804201966698, 0.5712742793049926] ,   "words" :  [ "producto" ,"compra" ,"tienda" ,"dinero" ,"comprar" ,"productos" ,"cliente" ,"fecha" ,"entrega" ,"despacho" ,"respuesta" ,"nunca" ,"dijeron" ,"pedido" ,"devolución" ,"local" ,"compré" ,"dicen" ,"empresa" ,"llego" ,"cambio" ,"boleta" ,"vendedor" ,"llame" ,"casa" ,"venta" ,"nadie" ,"diciembre" ,"caja" ,"nuevamente" ] },
            { "polarity" :  [0.28360519748616864, 0.88282468832841, 0.898595675617083, 0.9856475179823968, 0.11027883847829789, 0.4297271429380377, 0.33292973058771624, 0.8369060473961156, 0.6434150741152637, 0.9812301959396106, 0.1275048839642957, 0.48334416849781126, 0.4439684682845966, 0.8954906828345107, 0.3678059896700855, 0.15110250969039607, 0.6199929399577406, 0.5011671406007873, 0.8377058852059385, 0.1831641482328259, 0.6435306686778719, 0.5188352184102085, 0.5489122619656902, 0.551991273717971, 0.8049863150011575, 0.21170538342210887, 0.8257665681830861, 0.5752688356960504, 0.6654189931086348, 0.08573331400405959] ,   "words" :  [ "isapre" ,"salud" ,"hijo" ,"hija" ,"clínica" ,"doctor" ,"hospital" ,"medico" ,"urgencia" ,"madre" ,"tratamiento" ,"médico" ,"dolor" ,"atención" ,"licencia" ,"tenia" ,"paciente" ,"consulta" ,"esperar" ,"centro" ,"pacientes" ,"exámenes" ,"clinica" ,"vida" ,"examen" ,"doctora" ,"bebe" ,"espera" ,"tiempo" ,"esperando" ] },
            { "polarity" :  [0.062073780055668326, 0.9438334399983499, 0.4363515943789199, 0.09439382463067525, 0.8809439747774083, 0.5165598736665764, 0.804467147828328, 0.48429597540307234, 0.579715475934687, 0.212844842104155, 0.0003710828312558645, 0.7731633652639563, 0.5293236602903878, 0.1590205245933769, 0.8727769035782357, 0.23045569863614113, 0.5996199548302951, 0.7696643116709675, 0.8545507108651682, 0.9571968622723014, 0.3871472423859291, 0.33675468044156254, 0.8193440675049433, 0.19638310944258852, 0.2581407104018374, 0.1749183103876698, 0.9185152522399306, 0.5387108447172971, 0.32341344157816077, 0.08118010580961266] ,